<component name="libraryTable">
  <library name="libraries">
    <CLASSES>
      <root url="jar://$PROJECT_DIR$/SD/.idea/libraries/amqp-client-5.9.0.jar!/" />
      <root url="jar://$PROJECT_DIR$/SD/.idea/libraries/javax.mail-1.6.2.jar!/" />
      <root url="jar://$PROJECT_DIR$/SD/.idea/libraries/json-20210307.jar!/" />
      <root url="jar://$PROJECT_DIR$/SD/.idea/libraries/slf4j-simple-1.7.30.jar!/" />
      <root url="jar://$PROJECT_DIR$/SD/.idea/libraries/slf4j-api-1.7.30.jar!/" />
    </CLASSES>
    <JAVADOC />
    <SOURCES />
  </library>
</component>