<spriteset>
    <author>Vitaliy Pavlenko</author>
    <name>Frogger</name>
    <type>image/png</type>
    <width>800</width>
    <height>600</height>

    <frameset>
        <name>frog</name>
        <top>0</top>
        <left>0</left>
        <width>32</width>
        <height>32</height>
        <columns>10</columns>
    </frameset>
    <frameset>
        <name>car0</name>
        <top>32</top>
        <left>0</left>
        <width>32</width>
        <height>32</height>
        <columns>2</columns>
    </frameset>
    <frameset>
        <name>car1</name>
        <top>32</top>
        <left>128</left>
        <width>32</width>
        <height>32</height>
        <columns>2</columns>
    </frameset>
    <frameset>
        <name>car2</name>
        <top>32</top>
        <left>192</left>
        <width>32</width>
        <height>32</height>
        <columns>2</columns>
    </frameset>
    <frameset>
        <name>copcar</name>
        <top>32</top>
        <left>64</left>
        <width>32</width>
        <height>32</height>
        <columns>2</columns>
    </frameset>
    <frameset>
        <name>truck</name>
        <top>64</top>
        <left>0</left>
        <width>64</width>
        <height>32</height>
        <columns>2</columns>
    </frameset>
    <frameset>
        <name>shortlog</name>
        <top>96</top>
        <left>0</left>
        <width>96</width>
        <height>32</height>
        <columns>2</columns>
    </frameset>
    <frameset>
        <name>longlog</name>
        <top>128</top>
        <left>0</left>
        <width>128</width>
        <height>32</height>
        <columns>2</columns>
    </frameset>
    <frameset>
        <name>goal</name>
        <top>160</top>
        <left>0</left>
        <width>32</width>
        <height>32</height>
        <columns>3</columns>
    </frameset>
    <frameset>
        <name>crocodile</name>
        <top>256</top>
        <left>0</left>
        <width>128</width>
        <height>32</height>
        <columns>2</columns>
        <rows>2</rows>
    </frameset>
    <frameset>
        <name>turtles</name>
        <top>192</top>
        <left>0</left>
        <height>32</height>
        <width>96</width>
        <columns>3</columns>
        <rows>2</rows>
    </frameset>
    <frameset>
        <name>background</name>
        <top>0</top>
        <left>384</left>
        <width>416</width>
        <height>448</height>
    </frameset>
    <frameset>
        <name>white_dot</name>
        <top>452</top>
        <left>468</left>
        <width>5</width>
        <height>5</height>
    </frameset>
    <frameset>
        <name>smoke_cloud</name>
        <top>450</top>
        <left>477</left>
        <width>13</width>
        <height>10</height>
    </frameset>
    <frameset>
        <name>heart</name>
        <height>16</height>
        <width>16</width>
        <top>448</top>
        <left>448</left>
    </frameset>
    <frameset>
        <name>gameover</name>
        <top>464</top>
        <left>440</left>
        <width>240</width>
        <height>50</height>
    </frameset>
    <frameset>
        <name>level_finish</name>
        <top>520</top>
        <left>440</left>
        <width>240</width>
        <height>75</height>
    </frameset>

    <frameset>
        <name>splash</name>
        <top>452</top>
        <left>217</left>
        <width>220</width>
        <height>143</height>
    </frameset>

    <frameset>
        <name>help</name>
        <top>339</top>
        <left>0</left>
        <width>215</width>
        <height>261</height>
    </frameset>

</spriteset>
